"Component","Threshold_95th_Percentile"
"PC1",1.83730655491681
"PC2",1.8345838809644
"PC3",1.61463408864783
